Flight Weekday,Flight Day,Flight Month,Different Marketer & Operator Carrier Code,Distance Interval (x500 mi),Scheduled Flight Time,Average Payload (lbs),Available Seats (avg),Aircraft Group,Aircraft Type,Aircraft Configuration,Departure Airport - Average Daily Temperature (*C),Departure Airport - Precipitation (mm),Departure Airport - Snow Fall (mm),Departure Airport - Fog,Departure Airport - Heavy Fog,Departure Airport - Thunder,Departure Airport - Ice Pellets,Departure Airport - Hail,Departure Airport - Glaze or Rime,Departure Airport - Dust/Sand,Departure Airport - Snow / Haze,Departure Airport - Blowing/Dirfting Snow,Departure Airport - Tornado / Funnel Cloud,Departure Airport - High / Damaging Winds,Departure Airport - Elevation (ft),Departure Busyness Score,Arrival Airport - Average Daily Temperature (*C),Arrival Airport - Precipitation (mm),Arrival Airport - Snow Fall (mm),Arrival Airport - Fog,Arrival Airport - Heavy Fog,Arrival Airport - Thunder,Arrival Airport - Ice Pellets,Arrival Airport - Hail,Arrival Airport - Glaze or Rime,Arrival Airport - Dust/Sand,Arrival Airport - Snow / Haze,Arrival Airport - Blowing/Dirfting Snow,Arrival Airport - Tornado / Funnel Cloud,Arrival Airport - High / Damaging Winds,Arrival Airport - Elevation (ft),Arrivals Busyness Score,Arrival Delay (minutes),Departure Delay (minutes),Carrier Delay (minutes),Weather Delay (minutes),National Air System Delay (minutes),Security Delay (minutes),Late Aircraft Delay (minutes),Proportion of freight to the payload,Proportion of mail to the payload,Proportion of filled seats,Hour of departure,Hour of arrival,serviceclass_F,serviceclass_G,serviceclass_L,type_dep_medium_airport,type_dep_small_airport,type_arr_medium_airport,type_arr_small_airport
1.0,0.004188653520032961,0.014452489473100785,-0.0036591622142578242,0.011867589420289301,0.009796515650029605,0.007683818164694446,0.0070990838014795,0.000512113576744394,0.003199058257879323,0.0011027902358462622,0.008577275136479306,0.010145719749802664,-0.010495064466936297,-0.003303894357239801,0.00019104288474476561,-0.001494527650240026,-0.009504496221053064,-0.023067194552359116,-0.024509582092553273,-0.0063519559017533285,-0.03402280269226488,-0.008339181173777832,0.0010324056717687558,0.000804137005107471,-0.0031601037989199025,-0.25571692005593455,0.00879936737451081,0.012717364428771293,-0.0042790578135772864,-0.005181476626626958,-0.0007814702242616823,9.786232831594995e-05,-0.008420188036772748,-0.019619963356555525,-0.015302739926653638,-0.003878184070788062,-0.03525300357904819,-0.005263488820498507,-0.00038702768656738256,0.005298003026777329,0.0026693922403736594,-0.2546654336398034,0.001168574923306941,-0.0067985209109953,0.004913334432045443,-0.001845560728295185,-0.006966662298879658,0.007277279800165053,-0.00508768197465456,-0.0030735842958257782,-0.0019671280015717205,0.013883860220011843,0.0015010207448737187,-0.003033473354216887,0.002742899642385735,-0.0009980387847645952,-0.003461005810750521,0.0035639831556994843,-0.002168252660282674,0.002925274809114375,0.001515482730276342
0.004188653520032961,1.0,0.00437626220747661,0.0004679048465577905,0.005110237443603016,0.00477166172066396,-0.0005101854969845633,-0.0007945509607791682,-0.0011307647618209568,-0.0011127379374638155,-0.0016571887199270689,0.01384002432520956,0.012507607754240691,-0.006886040995542002,-0.009959762133366074,0.004445957952972209,-0.016720361124931218,-0.018958535919936476,0.004940440550689952,-0.011224960953247612,-0.003333741547467784,-0.01202138673737844,0.005728745336972429,-0.00195946878694031,-0.005219582937055466,0.000998048417750882,-0.002112697143895553,0.016249849631618803,0.007060330466968358,-0.004564756964131533,-0.013836541546046138,0.003018084125525366,-0.017456154410239698,-0.018384255096078522,0.0033019400305432057,-0.015352911158761792,0.004344224938294802,-0.014351923281177783,0.012577937467261014,-0.001231514272968675,-0.007892382762779508,-0.0036358320735240626,0.004455621294575125,-0.0005267230529701572,-0.003828057019968319,-0.0035658263676463667,0.00014604053647671803,-0.002716258404843013,-7.156233933569288e-05,0.00372610862192989,-0.0024454895834449663,-0.0010077138865001686,0.002378106400630181,0.0017448566858632808,-0.003695143650280407,0.000286316066494327,0.0027635706842603722,-0.0055507250264901125,0.001805823178016595,0.0015581659511148989,-0.0042752824387489174,-0.00163288174813219
0.014452489473100785,0.00437626220747661,1.0,0.00671551376309561,0.0029470372744992103,-0.01292853907991028,0.010409920781716034,0.000993775076107283,0.030167096146567044,0.027664601773389808,0.027805253328677743,0.16820945457993963,0.02104407976849204,-0.06984329664360811,0.024305156613531945,-0.00970155751844007,0.02395841317307655,-0.04531920626934747,-0.010519069504448914,-0.04492048451988533,0.005325702223688511,0.04051880978492705,-0.04304513999965525,0.00889300223401295,-0.018485816934307998,0.0003718516308600191,0.1326100159797766,0.1630204998685362,0.018660540045355493,-0.06998667368031403,0.019741205439554547,-0.010011558562253093,0.02343292008478138,-0.042839686338259644,-0.01819058511131921,-0.049561241431736236,0.005412106041877326,0.03658272658328698,-0.0524375028218017,0.00722823188546329,-0.012974003324327976,0.004024991317273769,0.1328049341616135,-0.008429639524768781,-0.0015162953572279098,-0.0032957431514713527,-0.008369755267106952,-0.006359184108214872,0.0017423475601032294,-0.004631174302297723,-0.02067154258310533,-0.01517166253659532,0.04982998653324285,0.0027898642041113975,0.0031240251956248647,-0.0073082621906587686,-0.004768508985880718,0.07690894277514598,0.008639441699642427,-0.008092746812695156,0.010686339198132548,-0.006453487869478368
-0.0036591622142578242,0.0004679048465577905,0.00671551376309561,1.0,-0.4051374748235728,-0.3668797231014961,-0.7583123741781862,-0.8843096663483097,-0.17048548843655512,-0.23239366804059847,-0.14265189598021036,-0.12324533581178646,0.001955726102396681,0.024605478593967545,0.04939980335689783,0.011136061337885313,-0.005700294862019922,0.009914371080592151,0.003194098663153309,0.019735258147501534,-0.011104434696484597,0.003548296365224344,0.017045470852755203,-0.0030439203023117666,-0.009008321390164727,0.04645973951677223,0.00779690864180934,-0.12242319562409762,-0.0021694437755900744,0.022737523239833243,0.04140660881042422,0.007873586476178054,-0.006972152458071368,0.01383129298258796,0.00814934765348944,0.011218786018799623,-0.011434992306190456,0.007205988687126999,0.01889151652613481,-0.0030439203023117415,-0.00021182401052844213,0.04407319407584473,0.003932363378254199,-0.048398231757397533,0.003121360277293888,-0.014756326812336266,0.006396781050961667,0.009986615865980798,-0.002034653406611906,0.027654085588873674,-0.19256460128929143,-0.25093764495049253,-0.12109606396800109,-0.0009273214235131837,0.020977341272256617,-0.0988070129063151,-0.016135599109288808,-0.061323964430750236,0.24478757407504492,0.03752412160881739,0.24747351333922823,0.036265039046605586
0.011867589420289301,0.005110237443603016,0.0029470372744992103,-0.4051374748235728,1.0,0.9215787769259776,0.4871068522725018,0.5129145382351794,0.2839748880534484,0.3513770647123413,0.267722719151805,0.057395995206988785,-0.014999798605493503,-0.01338894965455929,-0.03281519571833253,-0.0035959986360636696,-0.018028868277549598,-0.00705416532309817,0.0001180140045661183,-0.011413826620308478,0.005827861023431722,0.01205189634895983,-0.009610477453290077,0.0020272148314957198,0.004456228810945365,-0.04977989305222093,-0.006488613080702563,0.05298109524782264,-0.0168954170316584,-0.01262487740098023,-0.028816360093310546,-0.002028654954421524,-0.02275065453884816,-0.005817588441503635,-0.0030165187986890187,-0.0006001955017804342,0.003534354064889306,0.011154777823482964,-0.008395326955862727,0.004157215967905418,-0.0010945315773032305,-0.051773195245075454,-0.006862707211167329,0.0319771867506128,-0.030385443389482684,0.017515100968387994,-0.006030766123688508,0.020951021508482708,0.005076336067655479,-0.02857491777209798,0.2688819524884243,0.3244058149904951,0.22977992993087526,0.009271783497721458,-0.047821892297220905,0.24879119265791905,-0.004103837824169495,-0.011703019179422973,-0.18106450178584724,-0.023342100978810572,-0.1777344209835734,-0.022621706040468408
0.009796515650029605,0.00477166172066396,-0.01292853907991028,-0.3668797231014961,0.9215787769259776,1.0,0.4646017427401006,0.48542346566373296,0.047662084634419996,0.1588391129110424,0.0238854236763966,0.01694159871880262,-0.010847485520143018,-0.005903853570740433,-0.01626391217507478,0.0008091406999827427,-0.02327253255209201,0.005207055007821909,-0.0023872437024556703,-0.003567522581296199,0.001953940582402992,0.00647969987133612,-0.006765390256641271,0.0004233318079064746,0.01134927758208339,-0.08649953266461925,-0.013571608017188439,0.03362228824282049,-0.02457639758819267,-0.00994174832494199,-0.025547158927584055,0.0012340261746786349,-0.03322857581704305,-0.006867866197248103,-0.004637376586624004,0.0010468126281475655,0.003253437031319004,0.02220165623824514,-0.007784692828268079,0.0036776047427093173,-0.0025084100028022424,-0.05420346249012871,-0.015199069138170283,0.0333515563449743,-0.0437200444388808,0.016043325073690842,-0.005533114940272279,0.030048707220078175,0.004422752665680505,-0.028352458661085364,0.26387129859315944,0.32244810291683534,0.22440504440579584,-0.003336563879906523,-0.04150274852409808,0.03234577312072335,-0.016017920063238315,-0.016003513139908006,-0.19283641242776425,-0.02238669579382039,-0.20512350652689607,-0.023232953632799924
0.007683818164694446,-0.0005101854969845633,0.010409920781716034,-0.7583123741781862,0.4871068522725018,0.4646017427401006,1.0,0.883117144915049,0.1379174118216044,0.2230882589845147,0.1183685124906719,0.11931197566716871,-0.008655497511889022,-0.02543529310801993,-0.04712047123777734,-0.013619457682299838,0.0021546603425576134,-0.012001981076287787,-0.0027090957919065047,-0.019302173414974876,0.010621706162644887,0.002275819817879634,-0.013816427253053062,0.001663946936203998,0.004293594325478666,-0.04199338164343901,-0.00029953798401195314,0.11691863729168966,-0.0021196252617250405,-0.024800389765520618,-0.03719663073912446,-0.008073490158244512,0.00272552035844951,-0.01338119327145294,-0.006965537915936896,-0.013213793547423053,0.009590997544970847,0.0003887615881665998,-0.019715514474793697,0.0038863237918636546,-0.00503404212419456,-0.04410100696367094,0.004423794240137871,0.03797360474558689,-0.0048850860482705025,0.020264644364131522,-0.004174558561239126,-0.005749822645362788,0.0007502440953246804,-0.029422224775469498,0.37198261243805864,0.2788377106691533,0.1058522991754278,0.0030620154379627754,-0.020001991708918223,0.06186041024392245,0.0058449581429646505,0.10091126908871241,-0.24204405522966232,-0.029766933217414176,-0.24605283578297193,-0.027774039610434828
0.0070990838014795,-0.0007945509607791682,0.000993775076107283,-0.8843096663483097,0.5129145382351794,0.48542346566373296,0.883117144915049,1.0,0.1474190440239353,0.24435166027913427,0.12820617468285783,0.12835137591339568,-0.008422773929922096,-0.026373744883095355,-0.053794423465999934,-0.013252438605396889,-0.0008449165189731429,-0.013476414769426324,-0.0026341639216680935,-0.020709989477805064,0.011710779958932384,0.0032692305236295535,-0.016990551393270076,0.003437508912290644,0.0016258712812493629,-0.04385836321840253,-0.005248164816275964,0.1267556770862089,-0.00457019515403743,-0.02490897006547761,-0.04593094420052779,-0.009515400829428654,-0.0016831588952991353,-0.014698680295253834,-0.00829069451044008,-0.012739192994677276,0.011480198766640668,0.00038844268092699065,-0.02111012889286777,0.005521554391294571,-0.005331937656371215,-0.04863575895474288,-0.0015048812147983209,0.0432401606452102,-0.004491974697139012,0.014656990148622054,-0.00683984260315551,-0.004679739516254247,0.00247955720213683,-0.033083687423824656,0.325641638517874,0.3107916719919822,0.13566315657831596,0.0020025516434503603,-0.023215698219084722,0.09784221479193835,0.008947211420005747,0.03736170414196917,-0.26236669423966014,-0.03388078588897138,-0.2666893536159825,-0.031451760679095594
0.000512113576744394,-0.0011307647618209568,0.030167096146567044,-0.17048548843655512,0.2839748880534484,0.047662084634419996,0.1379174118216044,0.1474190440239353,1.0,0.8544707778750411,0.9696264210515049,0.035560359468515976,0.0031632943038322377,-0.006236107899453738,-0.011141380018252347,-0.0032387850747921053,0.01211732402912765,-0.002197395225499718,0.003620615011461506,-2.3485098436982394e-05,0.002520195102157796,0.013831159725732855,-0.0004426791562528647,0.002341474229030099,0.006482650594803456,0.008354837860176698,0.006146692287778583,0.032912617297296734,-0.0025023310439632146,-0.011705280836648839,-0.012660363076328101,-0.008156919369746822,0.006676467485981267,-0.0008616208501092339,0.0017135294261811794,0.0013152027382364777,-0.0004102689542363042,0.0074412616348725575,0.001100113280653418,0.002341474229030076,0.002169868332354486,0.007872921280142246,0.012253677709075815,0.011929829405164434,-0.0030818589553158115,0.004796209565338818,0.0035786609983578964,-0.004942849035831871,0.00261966041799285,-0.006599171350666923,0.04303946272741253,0.06154219835364772,0.055503988973945435,0.007885204474668422,-0.0012311761043108924,0.8711112719734057,0.004212276435127743,0.016065656896602817,-0.05675582966834408,-0.012395210777542316,-0.048095071595949494,-0.003978683674362151
0.003199058257879323,-0.0011127379374638155,0.027664601773389808,-0.23239366804059847,0.3513770647123413,0.1588391129110424,0.2230882589845147,0.24435166027913427,0.8544707778750411,1.0,0.8329924202807222,0.01356991340774835,-0.007921496116760757,-0.003969234455642282,-0.013622635890538639,0.004008371824153805,-0.0010041047217108918,-0.004175012254613245,0.004619086542706474,-0.002207018549556204,0.0007058141402965966,0.014361412424260957,-0.003119176813511872,0.001536410366695046,0.007647688036839773,0.013873502168253034,0.0037728764361945975,0.01079101589299769,-0.009464648198923434,-0.00869294819283713,-0.012441376202040121,-0.004762607506336032,-0.009408963502889315,-0.0026038002424865095,0.00350999368407835,0.0009784313835530707,-0.0017586017465415463,0.012996138503164932,1.87356374740995e-05,-0.001111791267911223,0.002140631310071225,0.005005899156883068,0.011486064704322896,-0.0038176229058615625,-0.009476352356056426,-0.0014254721378985059,0.0025518159995321613,0.009878479082355208,-0.0013219961796208583,-0.016217840974610494,0.039118907956769394,0.18561555236677527,0.10526423960843896,0.003968901065259941,-0.009798374082050898,0.7517477898259514,-0.00576899617307611,0.011004196635337632,-0.11383531407554341,-0.015898900714212197,-0.11019450724836183,-0.008024618991322544
0.0011027902358462622,-0.0016571887199270689,0.027805253328677743,-0.14265189598021036,0.267722719151805,0.0238854236763966,0.1183685124906719,0.12820617468285783,0.9696264210515049,0.8329924202807222,1.0,0.02233018525588085,-9.688010618550351e-05,-0.0043925656562243485,-0.013259980259810766,-0.0016225865254929687,0.0044794555832825935,-0.004137471591231837,0.0036111750922739145,-0.0007364612571848145,0.0024380537979313685,0.011319959411649406,0.0003902286096141984,0.0020482806836178598,0.005857941344499262,0.011532286236102186,0.004246186313807086,0.02017249773960025,-0.0061216302531206974,-0.011699306787118152,-0.014066710328778292,-0.006018965119877554,-0.000947053396309697,-0.0020545418455378906,0.0015876498195316101,-0.00028818196220066196,-0.0013268656750723097,0.004875528330747517,0.00036319341644071876,0.0020482806836182297,0.0015830360913404592,0.009465312624524767,0.009852215161779298,0.00831251931861449,-0.00016287787166216822,0.004092860841426858,0.0027437280526821143,-0.005166373694870748,0.0022235118473115565,-0.008035511598939608,0.044761944346404334,0.05943785953390675,0.04717616461575303,0.00677534692567885,-0.0021296176678085284,0.8702917693329828,0.13095772628472832,0.014053955530648437,-0.03531850418392832,-0.013252395324533166,-0.03278873738836682,-0.004726883578187732
0.008577275136479306,0.01384002432520956,0.16820945457993963,-0.12324533581178646,0.057395995206988785,0.01694159871880262,0.11931197566716871,0.12835137591339568,0.035560359468515976,0.01356991340774835,0.02233018525588085,1.0,0.028458410540702753,-0.20961462329736918,-0.08370522716710747,-0.07859106629474807,0.2867460457415971,-0.11577461894591108,-0.015027298592954893,-0.14063872089867788,0.04013607261700435,-0.009378258726464873,-0.10655413390243725,0.010406323650349871,-0.03022860325764197,-0.11054347424303697,0.2640603049080557,0.657807017528355,0.03644224442547752,-0.12331216841794711,-0.03025562080095321,-0.04906194667375541,0.24021547356515424,-0.07467287370384516,-0.002525884574211784,-0.08401444605506159,0.014935461492309508,0.01528925904412206,-0.06412667930592165,0.005337792376281809,-0.01868190999494315,-0.02326575442758735,0.23512966787151818,0.02237568719172183,0.025326529385501128,0.007881777667496084,0.006651279065668505,-0.009409814740288559,0.005758625376701021,0.003920922418398248,0.027658273461641996,-0.030941635737525036,0.13153112061240313,0.014686988438126415,-0.004067469904071867,0.029343828232216942,-0.04155680395062319,0.0011158487663179974,-0.0405062384982768,-0.014713897753859534,0.0028888721853680592,-0.0008491126115692648
0.010145719749802664,0.012507607754240691,0.02104407976849204,0.001955726102396681,-0.014999798605493503,-0.010847485520143018,-0.008655497511889022,-0.008422773929922096,0.0031632943038322377,-0.007921496116760757,-9.688010618550351e-05,0.028458410540702753,1.0,0.08874298239764862,0.3204629596117961,0.0479843690354197,0.23339203342601647,0.04979039963156488,0.017678684053614613,0.02034414087816964,-0.007951921535569539,0.00028550494881018755,0.016913514265533912,0.015498566031699086,0.04772948296888696,-0.09484571435056455,-0.0011614693944811284,0.03703487794419125,0.1397156432276695,0.005015318961660442,0.08734397213180055,0.02546964368124752,0.049026036107398,0.011352359938303955,0.00453958577619796,0.00413117817075631,-0.0025406628341756803,-0.00041208307226106827,-0.0006505167019873283,-0.0005685342801779346,0.01537202099487641,-0.038154941763030185,0.007298901745697472,0.07096417457908447,0.07951081766583472,0.03485463161097378,0.04431214142451695,0.037778836809843244,-0.0021933969292778663,0.04631026471269581,-0.005025786123407333,-0.010524702493276776,-0.0019368609052621995,-0.00632272795635631,0.013273084352506393,-0.00039865792732615674,0.0006058766343208161,0.00039134849823406324,0.004148028199974813,-0.009040570746179871,-0.005516558121850207,-0.008491196313204854
-0.010495064466936297,-0.006886040995542002,-0.06984329664360811,0.024605478593967545,-0.01338894965455929,-0.005903853570740433,-0.02543529310801993,-0.026373744883095355,-0.006236107899453738,-0.003969234455642282,-0.0043925656562243485,-0.20961462329736918,0.08874298239764862,1.0,0.10939640085429662,0.06813888749193642,-0.037030983185124905,0.08990338686956152,0.02078106783272521,0.09666826570876172,-0.0038418094050182237,0.04418120199396867,0.2687151136075069,-0.0014089405859435825,0.07675467234597345,0.055393480485319224,-0.05386101494379607,-0.12091840923240196,0.0023590899386998075,0.0694723728375667,0.018802910224408453,0.017212093077882296,-0.03162993943036489,0.02868795492547566,0.006473191999817674,0.030039352976259502,-8.326523292266006e-05,-0.0025424969531188885,0.02701502225914483,-0.0014089405859435634,0.006456480243488851,0.00976011460537788,-0.04106920593851334,0.0416081906769284,0.06397433969274383,0.012487584871503277,0.035429553743373386,0.05251762323336648,-0.0016130693957671686,0.037149072288597894,-0.009917241461264832,0.004063179985360641,-0.02247033815081102,-0.008511098011892336,-0.005576665107496163,-0.003543563276711162,0.005721280852166646,-0.0040234168748168216,0.014132217466180656,-0.001763138409488359,0.0009212030400687824,0.0006090953904615117
-0.003303894357239801,-0.009959762133366074,0.024305156613531945,0.04939980335689783,-0.03281519571833253,-0.01626391217507478,-0.04712047123777734,-0.053794423465999934,-0.011141380018252347,-0.013622635890538639,-0.013259980259810766,-0.08370522716710747,0.3204629596117961,0.10939640085429662,1.0,0.2708423142046027,0.21663289094520913,0.08294616233078961,0.029227454236064338,0.10316029480021306,-0.012841912446322245,0.2746826683422993,0.05131816308363896,0.008084350127342807,0.008974660646487529,-0.10830068989368728,-0.0405546682310109,-0.028138212448884235,0.09533041777551489,0.018051033362676414,0.14742987863553192,0.05634351709111136,0.043353556281706486,0.02612458261615002,0.003585176256720577,0.028508165653406616,-0.006923125076593078,0.02829277073245402,0.007287542093081165,0.003700958863666985,0.002305431052497219,-0.033594383327957944,-0.031885359949862864,0.06164508334074582,0.08668978805135015,0.021013609792104978,0.04224152230991552,0.06325122428469807,-0.0002501271290230113,0.05051051740698682,-0.015825027609829505,-0.005791810118846378,-0.01750678308446069,-0.005175041958791534,0.014024426378527646,-0.01002839486916324,-0.007249457661843545,-0.0007353282419156457,0.022525882644250015,-0.013656560877761577,-0.022113877140102607,-0.008716311998245678
0.00019104288474476561,0.004445957952972209,-0.00970155751844007,0.011136061337885313,-0.0035959986360636696,0.0008091406999827427,-0.013619457682299838,-0.013252438605396889,-0.0032387850747921053,0.004008371824153805,-0.0016225865254929687,-0.07859106629474807,0.0479843690354197,0.06813888749193642,0.2708423142046027,1.0,0.014242130550525645,0.01579639310594404,0.025678955603890233,0.048755005151225723,-0.008097880485918436,0.11101785159432453,0.03154479919257955,0.01820752583525315,-0.0038775955743377047,0.02782801085957496,-0.036660416962540854,-0.049180675257159974,0.028455343229038203,0.009165007138321997,0.06150325442646671,0.04003841592059423,-0.005869517533728905,0.016608415958413714,0.004966836197625697,0.02030123302896263,-0.0026249938402221626,0.015870141670635433,0.008581131255057188,0.0008829083928660258,7.008365029178708e-05,0.0005015007182775781,-0.03375415250635356,0.024366694616874077,0.036861741580952775,0.003098794920146173,0.010990700805213586,0.032096019814109374,-0.00012621218724102003,0.02424003154090902,-0.00339923373081167,-0.0005884240938254404,-0.012937953369211915,-0.002866080299424959,-0.0035167529049001866,-0.00021108977566279276,-0.004645005786330207,-0.00043132578590676147,0.024031480837614097,-0.002979591921961633,-0.013610759864660569,0.0004248058643713817
-0.001494527650240026,-0.016720361124931218,0.02395841317307655,-0.005700294862019922,-0.018028868277549598,-0.02327253255209201,0.0021546603425576134,-0.0008449165189731429,0.01211732402912765,-0.0010041047217108918,0.0044794555832825935,0.2867460457415971,0.23339203342601647,-0.037030983185124905,0.21663289094520913,0.014242130550525645,1.0,-0.014542106887832936,0.09939899115388327,-0.026418693280607985,0.02283628257020377,0.048242343963671885,-0.018897867849050252,0.021267789981996594,0.007437019364695624,0.01657946004465352,0.05954894663217044,0.24187679480733648,0.05498260203403456,-0.03451601112626261,0.03731321703250257,-0.009665643613638959,0.18836175265339247,-0.017754251963568488,0.013632191180454929,-0.02132923234008145,0.0018580733457173354,0.01894950042424767,-0.016399125556492856,0.0019108873742224532,0.00298035103804656,-0.015475523471692369,0.08710039818020679,0.07434621066259557,0.09139384011734164,0.025595148596568133,0.08697887946165829,0.05312457200574882,0.0007781115210308063,0.04730542457871219,-0.02359204184295985,-0.022946963395416957,0.04875337768868902,0.0008501252627797386,0.016997899440285437,0.007290060998393458,-0.008169933629905073,-0.003075204765769166,-0.003883110567233878,-0.000281672342145886,-0.005286163399449009,-0.0014986752242850863
-0.009504496221053064,-0.018958535919936476,-0.04531920626934747,0.009914371080592151,-0.00705416532309817,0.005207055007821909,-0.012001981076287787,-0.013476414769426324,-0.002197395225499718,-0.004175012254613245,-0.004137471591231837,-0.11577461894591108,0.04979039963156488,0.08990338686956152,0.08294616233078961,0.01579639310594404,-0.014542106887832936,1.0,0.029327249783146807,0.3358698189308183,-0.003316167277807102,-6.826867873062794e-05,0.025242650973054052,-0.0010573623537368183,0.00818681512413398,-0.021400023382681436,-0.03662489696283076,-0.06892439076854837,0.013651884203887896,0.027850392652235316,0.02622137704451316,0.01756565914060145,-0.01695322415548577,0.048143144979766635,0.0014499484312270306,0.03224272656225874,-0.0030467680833675464,-0.003021997076553526,0.0028573297978378613,-0.0010573623537368235,0.014048942919489733,-0.013596685187552164,-0.02817442718430807,0.011446331069004253,0.02823564596232635,0.0010877174210751645,0.010294725641682748,0.03200656075491371,-0.0014104415199598778,0.012550144823039035,-0.007370571532212114,0.0017800302534649204,-0.023925235823196712,-0.005710995363130738,0.0024640756225757328,-0.001709749670632962,-0.0019021787516669466,-0.0036665333346135244,-0.004475680021051291,-0.0024471330429531937,-0.005180400228600514,-0.0023650220591461615
-0.023067194552359116,0.004940440550689952,-0.010519069504448914,0.003194098663153309,0.0001180140045661183,-0.0023872437024556703,-0.0027090957919065047,-0.0026341639216680935,0.003620615011461506,0.004619086542706474,0.0036111750922739145,-0.015027298592954893,0.017678684053614613,0.02078106783272521,0.029227454236064338,0.025678955603890233,0.09939899115388327,0.029327249783146807,1.0,0.006407738359031939,0.00574540226566967,0.013418151431963024,0.002647864838491945,0.011705878368282073,0.022808765166835124,0.06605507114247307,0.011388677666074178,0.0020654770992199036,0.003856007162501627,-0.0025652713887254937,0.0016783986084983578,0.0054137070792607215,0.008882604461504467,0.0027249475914657936,0.006710007092490608,0.00244559504568366,-0.0019946830972347256,0.0010494267687464949,-0.003026059166657461,-0.0006922426508813853,-0.0022603621799788132,0.006621400880024158,0.010148338102969555,0.015183179137132703,0.020330503692676624,0.0063833252634257764,0.014315299521331362,0.009532867776521207,-0.0009233994129256061,0.014276320786669622,-0.00549385376308312,0.0018496458890659157,0.00430263520975813,-0.0020536049858124626,-0.00028589578628925353,0.003252074679256933,0.005648639141479975,-0.0029306550626892565,0.006352229439507861,-0.0016021091149373418,-0.0006974610237957157,0.003997869591159044
-0.024509582092553273,-0.011224960953247612,-0.04492048451988533,0.019735258147501534,-0.011413826620308478,-0.003567522581296199,-0.019302173414974876,-0.020709989477805064,-2.3485098436982394e-05,-0.002207018549556204,-0.0007364612571848145,-0.14063872089867788,0.02034414087816964,0.09666826570876172,0.10316029480021306,0.048755005151225723,-0.026418693280607985,0.3358698189308183,0.006407738359031939,1.0,0.01668450133757817,0.03039837296700499,0.06916681566501975,-0.001094939631255313,0.0030834699987305814,0.020446792989370254,-0.05193272380634569,-0.08690323020913593,0.013631853621620836,0.043253179601019875,0.03561455137002116,0.028744312030232234,-0.02040454585638232,0.04184220209275552,0.0026470356570347606,0.06275955943481032,-0.003155046243071862,0.009180635897918324,0.0187005865691061,-0.0010949396312553159,0.008503445591420251,0.002286839655060495,-0.04168254521329655,0.013491980085657242,0.03870727508432064,0.00468392549285236,0.017867188251160123,0.043323468305195956,0.0036750901127872845,0.013690309025558166,-0.007180444507739791,0.004908585520457963,-0.026120318028164335,-0.002996378587520074,0.00017712789012864436,3.951380784717604e-05,0.002410226637876762,-0.002889883459035209,0.00793867237563433,-0.0025341009562279454,-0.0022345857930255947,0.0010746561056256384
-0.0063519559017533285,-0.003333741547467784,0.005325702223688511,-0.011104434696484597,0.005827861023431722,0.001953940582402992,0.010621706162644887,0.011710779958932384,0.002520195102157796,0.0007058141402965966,0.0024380537979313685,0.04013607261700435,-0.007951921535569539,-0.0038418094050182237,-0.012841912446322245,-0.008097880485918436,0.02283628257020377,-0.003316167277807102,0.00574540226566967,0.01668450133757817,1.0,0.0601490424073766,-0.001996811620295208,-0.0004560862674861154,0.03114582946614837,0.05054198935167242,-0.0023193441089597697,0.014421702542873241,0.0012278829520849244,0.0008478208868027365,-0.008732845833065581,-0.003595890605085673,0.004778062654852444,-0.003528731936489747,0.005418590741551731,-0.0012054878509668515,0.00521115900548529,-0.0005378221475380234,-0.0019937286856794097,-0.0004560862674861059,-0.0014892467959330337,0.01598186483559261,0.013313773733045793,0.0032565862059021795,0.0026855986850341878,0.001069772263315606,-0.0019505691013548155,-0.002576607482224614,0.010106865052076437,0.0036654606920544343,0.005924546676373425,0.003533516721386143,0.0023050176317626174,0.0020834005794160685,-8.656349765457634e-05,0.0013583981461301516,-0.000820492240784966,0.002382267196442817,0.007918182800440156,-0.0010555546749494618,9.930770019044999e-05,-0.001020136644421146
-0.03402280269226488,-0.01202138673737844,0.04051880978492705,0.003548296365224344,0.01205189634895983,0.00647969987133612,0.002275819817879634,0.0032692305236295535,0.013831159725732855,0.014361412424260957,0.011319959411649406,-0.009378258726464873,0.00028550494881018755,0.04418120199396867,0.2746826683422993,0.11101785159432453,0.048242343963671885,-6.826867873062794e-05,0.013418151431963024,0.03039837296700499,0.0601490424073766,1.0,0.029010993628531333,0.004636034246200174,0.0026701291655731214,-0.03971808769729912,0.010933049028345618,0.014607242707740938,0.004170627808299514,0.001811243314769622,0.03067402537023688,0.014315101281627236,0.02251327802957946,-0.005719732086991748,0.003779755009818329,0.007746339646161298,-0.0012622747103366724,0.034237344987922136,0.003049574722837574,0.006596165646864785,-0.006644540069135247,0.011647825955269748,0.015939270880111964,0.025328847681248285,0.03225647679189035,0.007063676727398672,0.014850596073366938,0.020581434904758326,-0.001138358272829052,0.020058399821615402,0.013247653041914416,0.025221691325929163,0.0029383686860232176,0.00793667357884089,-0.0010809491904483681,0.008159576016302812,-0.007111216115944766,0.008565257200748026,-0.015728909436658788,-0.0068680292041146266,0.014976699477676892,-0.0019064305983345468
-0.008339181173777832,0.005728745336972429,-0.04304513999965525,0.017045470852755203,-0.009610477453290077,-0.006765390256641271,-0.013816427253053062,-0.016990551393270076,-0.0004426791562528647,-0.003119176813511872,0.0003902286096141984,-0.10655413390243725,0.016913514265533912,0.2687151136075069,0.05131816308363896,0.03154479919257955,-0.018897867849050252,0.025242650973054052,0.002647864838491945,0.06916681566501975,-0.001996811620295208,0.029010993628531333,1.0,-0.0006366848406394527,0.013450251967563337,0.02079873717903495,-0.03046182307201635,-0.06643995732420747,-0.0014973156014144952,0.032214229612306244,0.00667827269148851,0.005527927505201973,-0.0180661056194534,0.009124399810454119,-0.0003839034079075805,0.012172708327944808,-0.0018345943987590405,0.0043448691861071335,0.04357047513428159,-0.0006366848406394527,0.0020530455297282867,0.0042548418487968155,-0.02506164528740443,0.011443957591496015,0.028413548839542606,0.0036161542188121363,0.019584015095979287,0.03188640074921977,-0.0008492894902048338,0.009176230258444967,-0.007160655547231118,0.0012224527144398176,-0.014034024734344928,0.0007494847936901859,0.0013859322600144482,-0.0009287719915535871,0.013838124996101991,-0.004368512825878497,0.017730472077386705,-0.001473527505466698,-0.0018717078007207005,-0.0014240848347917227
0.0010324056717687558,-0.00195946878694031,0.00889300223401295,-0.0030439203023117666,0.0020272148314957198,0.0004233318079064746,0.001663946936203998,0.003437508912290644,0.002341474229030099,0.001536410366695046,0.0020482806836178598,0.010406323650349871,0.015498566031699086,-0.0014089405859435825,0.008084350127342807,0.01820752583525315,0.021267789981996594,-0.0010573623537368183,0.011705878368282073,-0.001094939631255313,-0.0004560862674861154,0.004636034246200174,-0.0006366848406394527,1.0,-0.0005016831938899407,0.00443283520803689,-0.004468382438491741,0.0024615066256150155,-0.0006819098762306115,-0.0014567402891289354,0.0036685422992023134,0.007889685402598112,-0.002434772880104864,-0.0011251387500996186,-0.0007153739536735118,-0.0011490764977228124,-0.00041903467666982465,0.006603541169170148,-0.0006357018446900129,-0.00014542343883661388,-0.0004748474264193548,0.006018087960122706,-3.257297162010556e-05,0.0007117201267278543,0.0035339929322895855,-0.0011590484883483027,0.009381691838184708,0.0009185316676028955,-0.00019398388394066177,0.0022060711729847277,-0.0010656766776435337,-0.001852705581518462,-0.00031643732341859104,-0.0009200971521826569,-0.0029654901732207835,0.0023535563081196545,-0.0002616145490443666,-0.0009978000373042477,0.0004627620763391458,-0.00033656437751853225,0.0024488950865041827,-0.00032527131266779505
0.000804137005107471,-0.005219582937055466,-0.018485816934307998,-0.009008321390164727,0.004456228810945365,0.01134927758208339,0.004293594325478666,0.0016258712812493629,0.006482650594803456,0.007647688036839773,0.005857941344499262,-0.03022860325764197,0.04772948296888696,0.07675467234597345,0.008974660646487529,-0.0038775955743377047,0.007437019364695624,0.00818681512413398,0.022808765166835124,0.0030834699987305814,0.03114582946614837,0.0026701291655731214,0.013450251967563337,-0.0005016831938899407,1.0,-0.009100305252724298,-0.008531643769881345,-0.018380506117721757,0.009665232480481503,0.009413080553683072,0.000810085407038067,0.0012673682920789808,-0.0014944334694592246,0.009477905359474511,-0.0024679040241087575,0.004759884086249096,-0.0014455899036918695,-0.004143775566415356,0.0017246380550273756,-0.0005016831938899387,0.008838625528572373,-0.004248930588360845,-0.0012778590607391371,0.014286315805310463,0.010998063938779916,0.0050733306887342944,-0.0019266856033800254,0.002895029449365448,-0.0006692074897765818,0.011811313106154462,-0.003201834904908157,0.00020374023383862183,-0.003938386488603208,-0.00605849705043129,0.0016015826813284891,0.0070238810876859185,-0.0009025204161216085,-0.0034422202746885117,-0.017754494185947645,-0.0011610830634584638,-0.01315772802548519,-0.0011221241384842845
-0.0031601037989199025,0.000998048417750882,0.0003718516308600191,0.04645973951677223,-0.04977989305222093,-0.08649953266461925,-0.04199338164343901,-0.04385836321840253,0.008354837860176698,0.013873502168253034,0.011532286236102186,-0.11054347424303697,-0.09484571435056455,0.055393480485319224,-0.10830068989368728,0.02782801085957496,0.01657946004465352,-0.021400023382681436,0.06605507114247307,0.020446792989370254,0.05054198935167242,-0.03971808769729912,0.02079873717903495,0.00443283520803689,-0.009100305252724298,1.0,0.010734078609224608,-0.019815494952282246,-0.0401018570499354,0.004412966073727236,-0.03281651199092361,0.005995497961167186,-0.013324443163796565,-0.011951876360219492,0.011998763383120012,-0.0025978912597877006,0.00808795993889563,0.011367285944389984,0.0044337107448238116,-0.002623946450915463,-0.007580741523461088,0.19211358402899015,0.002596400863169409,-0.0004979012644813272,0.00987827167859397,-0.0005561412667326704,-0.00016348855053500259,-0.005369937083478915,-0.0027971541541910944,-0.001973142039009764,-0.044374322375744284,-0.00820336946144342,0.0681504873977727,0.006048710876449794,-0.009685892185888771,0.015247057405692772,-0.01319597215360944,-0.003997670389269845,0.0922255725495204,0.11394307511214347,0.07085929442565737,0.04836356377802775
-0.25571692005593455,-0.002112697143895553,0.1326100159797766,0.00779690864180934,-0.006488613080702563,-0.013571608017188439,-0.00029953798401195314,-0.005248164816275964,0.006146692287778583,0.0037728764361945975,0.004246186313807086,0.2640603049080557,-0.0011614693944811284,-0.05386101494379607,-0.0405546682310109,-0.036660416962540854,0.05954894663217044,-0.03662489696283076,0.011388677666074178,-0.05193272380634569,-0.0023193441089597697,0.010933049028345618,-0.03046182307201635,-0.004468382438491741,-0.008531643769881345,0.010734078609224608,1.0,0.23314437370449836,0.007084900244994595,-0.04018828185543543,-0.02823490598730336,-0.030875043937426516,0.0894412840488162,-0.029640320859767977,0.006855628893726791,-0.04413194634685606,0.010356990569949423,0.0183957456374667,-0.025337559180298678,-0.0008555954082896688,-0.00032825404132361737,0.0014891994765535905,0.5372810162935936,0.03311128757810224,0.04956459596613179,0.0055799810135919396,-0.004941527886067939,0.016634606113392625,7.820547973124906e-05,0.031219377098383343,-0.0026787920541945947,-0.022790330008560813,0.06727389531464714,-0.0010649877462944814,-0.0033414060968127053,0.010319728448346078,-0.008227468863612144,-0.01045981356636266,0.02405091532413196,0.008840233371543434,-0.004482512195161481,0.002375200292143612
0.00879936737451081,0.016249849631618803,0.1630204998685362,-0.12242319562409762,0.05298109524782264,0.03362228824282049,0.11691863729168966,0.1267556770862089,0.032912617297296734,0.01079101589299769,0.02017249773960025,0.657807017528355,0.03703487794419125,-0.12091840923240196,-0.028138212448884235,-0.049180675257159974,0.24187679480733648,-0.06892439076854837,0.0020654770992199036,-0.08690323020913593,0.014421702542873241,0.014607242707740938,-0.06643995732420747,0.0024615066256150155,-0.018380506117721757,-0.019815494952282246,0.23314437370449836,1.0,0.02777760206254349,-0.21561630444582638,-0.08812079868733087,-0.08303225779196009,0.28928313617071133,-0.12339096217166409,-0.01678747005407092,-0.14639551351613256,0.032619555086055525,-0.013580304467132334,-0.11075347006714141,0.012059020820507804,-0.024019378860660398,-0.11452056260587064,0.2670808464493197,0.019057950920692655,0.01657368913875412,0.007538500041153837,0.009327429703966795,-0.00572130414321301,0.00463532113754605,0.0033137774814420793,0.017304360999870136,-0.008633283518481857,0.13277103705927062,0.0008185191209043453,0.0074429327593727645,0.02816215191515015,-0.04030701539883793,-0.001315735427578361,-2.6570034870725036e-05,-0.002128361279885117,-0.038125820735738225,-0.015451480327570093
0.012717364428771293,0.007060330466968358,0.018660540045355493,-0.0021694437755900744,-0.0168954170316584,-0.02457639758819267,-0.0021196252617250405,-0.00457019515403743,-0.0025023310439632146,-0.009464648198923434,-0.0061216302531206974,0.03644224442547752,0.1397156432276695,0.0023590899386998075,0.09533041777551489,0.028455343229038203,0.05498260203403456,0.013651884203887896,0.003856007162501627,0.013631853621620836,0.0012278829520849244,0.004170627808299514,-0.0014973156014144952,-0.0006819098762306115,0.009665232480481503,-0.0401018570499354,0.007084900244994595,0.02777760206254349,1.0,0.09773609122962658,0.3314430933699416,0.05591857876931559,0.23876149867983565,0.05394853329444756,0.029400167952964015,0.02290063991388671,-0.009179999953540931,-0.004639109966364477,0.017068165845798237,0.008045822193386662,0.04358826953352112,-0.09834793844558057,-0.0007520888703981048,0.04928521779269137,0.08274270482393556,0.018367784409525873,0.013837413734150332,0.06858265178902355,0.001466989638144037,0.03226377992081697,-0.0042317841415894135,-0.007828562231384357,-0.0040341830298136535,0.00038301268569987325,0.0005557004258738319,-0.006647160769168868,-0.00660115037812095,0.005993310354980804,-0.008124756192961949,-0.00737316552913079,-0.0006008581989567513,-0.007387615460627996
-0.0042790578135772864,-0.004564756964131533,-0.06998667368031403,0.022737523239833243,-0.01262487740098023,-0.00994174832494199,-0.024800389765520618,-0.02490897006547761,-0.011705280836648839,-0.00869294819283713,-0.011699306787118152,-0.12331216841794711,0.005015318961660442,0.0694723728375667,0.018051033362676414,0.009165007138321997,-0.03451601112626261,0.027850392652235316,-0.0025652713887254937,0.043253179601019875,0.0008478208868027365,0.001811243314769622,0.032214229612306244,-0.0014567402891289354,0.009413080553683072,0.004412966073727236,-0.04018828185543543,-0.21561630444582638,0.09773609122962658,1.0,0.11040003004971993,0.07603628491030648,-0.03797579139311447,0.11909682888528787,0.03646321427514806,0.11307073794857993,-0.0033934619567705117,0.039968779923395946,0.2608098944157566,-0.0014567402891289315,0.05937650342353061,0.0497720877189446,-0.05609267926368849,0.025533501441627224,0.03573539131042278,0.003829659374531513,0.006717100661750037,0.02886141139255187,-0.001926152350013424,0.0258479853389951,-0.005509062981737621,-0.0038873218365254986,-0.018345864838668666,4.8211096327969855e-05,-0.0020824446497907673,-0.009429237122965924,0.004886895595053788,-0.005273591481957642,-0.006586621623420968,0.0062576262289808305,0.013401081036359043,-0.003258318121560903
-0.005181476626626958,-0.013836541546046138,0.019741205439554547,0.04140660881042422,-0.028816360093310546,-0.025547158927584055,-0.03719663073912446,-0.04593094420052779,-0.012660363076328101,-0.012441376202040121,-0.014066710328778292,-0.03025562080095321,0.08734397213180055,0.018802910224408453,0.14742987863553192,0.06150325442646671,0.03731321703250257,0.02622137704451316,0.0016783986084983578,0.03561455137002116,-0.008732845833065581,0.03067402537023688,0.00667827269148851,0.0036685422992023134,0.000810085407038067,-0.03281651199092361,-0.02823490598730336,-0.08812079868733087,0.3314430933699416,0.11040003004971993,1.0,0.26874439182341897,0.21526299427810358,0.08850038190556435,0.03649518397842185,0.10917330418298117,-0.011571495819881806,0.2785852287251795,0.04566750638326185,0.005128777753516927,0.008475188114293921,-0.1086695161205788,-0.04566399574374635,0.04588944055535595,0.08584386003436129,0.010945228159706949,0.014451700873736702,0.08071345516490787,-0.0006769599247565578,0.03427198151043753,-0.01463301856549411,-0.015330435145177212,-0.011944700859700761,-0.0007624993174143893,-0.0008680233213189843,-0.010658097312200264,-0.008111219714672737,-0.0005132519717544954,-0.020224379791792917,-0.008035902523607693,0.017842163306122278,-0.014004226743986598
-0.0007814702242616823,0.003018084125525366,-0.010011558562253093,0.007873586476178054,-0.002028654954421524,0.0012340261746786349,-0.008073490158244512,-0.009515400829428654,-0.008156919369746822,-0.004762607506336032,-0.006018965119877554,-0.04906194667375541,0.02546964368124752,0.017212093077882296,0.05634351709111136,0.04003841592059423,-0.009665643613638959,0.01756565914060145,0.0054137070792607215,0.028744312030232234,-0.003595890605085673,0.014315101281627236,0.005527927505201973,0.007889685402598112,0.0012673682920789808,0.005995497961167186,-0.030875043937426516,-0.08303225779196009,0.05591857876931559,0.07603628491030648,0.26874439182341897,1.0,0.011938997213990691,0.02149127707684806,0.02505421609735111,0.0673931696129447,-0.007392834139505191,0.11581308686856209,0.03434779023789801,0.011374793261958569,0.0033795528295452876,0.03521921545135109,-0.0381190878671304,0.017340906584829268,0.028789160580835558,0.0012843941802412415,0.005004509921138226,0.0327319935759957,-0.0015761853099742237,0.011650737856250825,0.0018737606852446337,0.00663874754576987,-0.008545127033421206,0.0008013050260113365,-0.001934699421388129,-0.0038499419125092617,-0.004615543956736515,-0.0012409422001011922,-0.013427396300511376,0.004609796659072538,0.021889517456571094,-0.004179569541141626
9.786232831594995e-05,-0.017456154410239698,0.02343292008478138,-0.006972152458071368,-0.02275065453884816,-0.03322857581704305,0.00272552035844951,-0.0016831588952991353,0.006676467485981267,-0.009408963502889315,-0.000947053396309697,0.24021547356515424,0.049026036107398,-0.03162993943036489,0.043353556281706486,-0.005869517533728905,0.18836175265339247,-0.01695322415548577,0.008882604461504467,-0.02040454585638232,0.004778062654852444,0.02251327802957946,-0.0180661056194534,-0.002434772880104864,-0.0014944334694592246,-0.013324443163796565,0.0894412840488162,0.28928313617071133,0.23876149867983565,-0.03797579139311447,0.21526299427810358,0.011938997213990691,1.0,-0.0155898562527766,0.09705672573839558,-0.025215867388051403,0.024723420491390893,0.044492681819137264,-0.01754150845128643,0.018957773849628635,0.00737104502643352,0.015629097146953482,0.06361988795310329,0.04611980335324766,0.07864820460415857,0.01556501784168148,0.023148366520943004,0.06939918578466363,0.005056620839819551,0.030906083073996473,-0.01979495102607258,-0.018923716939702215,0.050950141075023825,0.00641786600923196,0.006209291686719108,0.002684408619322481,-0.008228605823023405,-0.0037631824445456784,-0.0015332947971195877,-0.003186662279724963,-0.004233204647730417,-0.0006609910748905582
-0.008420188036772748,-0.018384255096078522,-0.042839686338259644,0.01383129298258796,-0.005817588441503635,-0.006867866197248103,-0.01338119327145294,-0.014698680295253834,-0.0008616208501092339,-0.0026038002424865095,-0.0020545418455378906,-0.07467287370384516,0.011352359938303955,0.02868795492547566,0.02612458261615002,0.016608415958413714,-0.017754251963568488,0.048143144979766635,0.0027249475914657936,0.04184220209275552,-0.003528731936489747,-0.005719732086991748,0.009124399810454119,-0.0011251387500996186,0.009477905359474511,-0.011951876360219492,-0.029640320859767977,-0.12339096217166409,0.05394853329444756,0.11909682888528787,0.08850038190556435,0.02149127707684806,-0.0155898562527766,1.0,0.04452131014170613,0.36028498618496424,-0.003242064388852618,0.0035176046419925244,0.032020652571951344,-0.0011251387500996134,0.0010300739159257008,-0.02363099456679152,-0.04486663461856346,0.012533207838977059,0.015211582739988433,0.006181797545507125,0.0032062138107827446,0.014810753633694612,-0.0015008501137267639,0.005744686524963518,-0.001068144049009761,0.0010148821536463417,-0.020907344308498995,0.004018555768924148,-0.0011829193622427746,-0.002447930870595032,0.006504681493192864,-0.002093899844453816,-0.007468165686701384,-0.002603993043203377,-0.002305961609509617,-0.0025166187865319927
-0.019619963356555525,0.0033019400305432057,-0.01819058511131921,0.00814934765348944,-0.0030165187986890187,-0.004637376586624004,-0.006965537915936896,-0.00829069451044008,0.0017135294261811794,0.00350999368407835,0.0015876498195316101,-0.002525884574211784,0.00453958577619796,0.006473191999817674,0.003585176256720577,0.004966836197625697,0.013632191180454929,0.0014499484312270306,0.006710007092490608,0.0026470356570347606,0.005418590741551731,0.003779755009818329,-0.0003839034079075805,-0.0007153739536735118,-0.0024679040241087575,0.011998763383120012,0.006855628893726791,-0.01678747005407092,0.029400167952964015,0.03646321427514806,0.03649518397842185,0.02505421609735111,0.09705672573839558,0.04452131014170613,1.0,0.003540825067190521,-0.0020613354750357187,0.012204185254255599,0.013386823159286075,-0.0007153739536735061,0.019745135543758216,0.059044039856648536,0.0077943837156693565,0.003732437543903605,0.013183299137893477,0.004494076185233097,0.002114286239338894,0.013114786071553933,-0.0009542548238010642,0.0014188592472231536,-0.006052533829387525,-0.0030751877464916277,0.012719064862166748,-0.001081370283091093,0.0029691759108356384,0.002342638436364723,-0.0012869468346065741,-0.0013871592271063476,0.004099853532876892,0.003532587028733919,0.0020123304581069665,-0.0016000902386936885
-0.015302739926653638,-0.015352911158761792,-0.049561241431736236,0.011218786018799623,-0.0006001955017804342,0.0010468126281475655,-0.013213793547423053,-0.012739192994677276,0.0013152027382364777,0.0009784313835530707,-0.00028818196220066196,-0.08401444605506159,0.00413117817075631,0.030039352976259502,0.028508165653406616,0.02030123302896263,-0.02132923234008145,0.03224272656225874,0.00244559504568366,0.06275955943481032,-0.0012054878509668515,0.007746339646161298,0.012172708327944808,-0.0011490764977228124,0.004759884086249096,-0.0025978912597877006,-0.04413194634685606,-0.14639551351613256,0.02290063991388671,0.11307073794857993,0.10917330418298117,0.0673931696129447,-0.025215867388051403,0.36028498618496424,0.003540825067190521,1.0,0.009737961872089217,0.029069893887659137,0.07940387404818242,-0.0011490764977227963,-0.0037520500276140402,0.028081252849698025,-0.05707901548503643,0.01490587185944258,0.019947397644171534,0.0032673988808125387,0.005518141455500647,0.02082946635648348,-0.0015327812610981012,0.008625769817505319,8.711496298407293e-05,0.006536850278392904,-0.01610899438922292,0.0012853042780900609,0.0006176074664902086,0.0012529588571899314,-0.0020671710982366684,-0.002373303522567368,-0.008538508806128792,-0.002659393968889454,0.002449142934633773,-0.0025701607922361423
-0.003878184070788062,0.004344224938294802,0.005412106041877326,-0.011434992306190456,0.003534354064889306,0.003253437031319004,0.009590997544970847,0.011480198766640668,-0.0004102689542363042,-0.0017586017465415463,-0.0013268656750723097,0.014935461492309508,-0.0025406628341756803,-8.326523292266006e-05,-0.006923125076593078,-0.0026249938402221626,0.0018580733457173354,-0.0030467680833675464,-0.0019946830972347256,-0.003155046243071862,0.00521115900548529,-0.0012622747103366724,-0.0018345943987590405,-0.00041903467666982465,-0.0014455899036918695,0.00808795993889563,0.010356990569949423,0.032619555086055525,-0.009179999953540931,-0.0033934619567705117,-0.011571495819881806,-0.007392834139505191,0.024723420491390893,-0.003242064388852618,-0.0020613354750357187,0.009737961872089217,1.0,0.06414977449124944,-0.0018317619159547926,-0.0004190346766698215,0.011168332320233456,0.05025092371871309,-0.0011668942629883207,0.0009261994362077972,0.004973917280873648,0.0007726629436330095,0.004218473911349454,0.002164308866909992,-0.0005589606100400293,0.001971751539957345,0.0009451176352005974,0.007768497896142252,0.012591006936929156,-0.005374033415670736,0.00021504385618508813,0.00022764951837252266,-0.0007538369938706675,-0.0028751404818770938,0.0014120660661890913,-0.0009698033978588024,-0.007153334891434791,-0.0009372626615359779
-0.03525300357904819,-0.014351923281177783,0.03658272658328698,0.007205988687126999,0.011154777823482964,0.02220165623824514,0.0003887615881665998,0.00038844268092699065,0.0074412616348725575,0.012996138503164932,0.004875528330747517,0.01528925904412206,-0.00041208307226106827,-0.0025424969531188885,0.02829277073245402,0.015870141670635433,0.01894950042424767,-0.003021997076553526,0.0010494267687464949,0.009180635897918324,-0.0005378221475380234,0.034237344987922136,0.0043448691861071335,0.006603541169170148,-0.004143775566415356,0.011367285944389984,0.0183957456374667,-0.013580304467132334,-0.004639109966364477,0.039968779923395946,0.2785852287251795,0.11581308686856209,0.044492681819137264,0.0035176046419925244,0.012204185254255599,0.029069893887659137,0.06414977449124944,1.0,0.03950196987923097,0.008564423955203123,-0.004225780962575834,-0.035662185910170965,0.012917998560903652,0.012317939257649565,0.02065235032645342,-0.006562097701811716,0.006260535941196007,0.027965136122862975,0.0030226607523966015,0.008932552395972909,-0.0022218493661155195,0.012198331277246004,0.004109943501157208,-0.007349622253608467,-0.0003261324370086173,0.0012933614739011328,-0.009285919522436419,0.012054218620614468,0.015603362972185434,-0.0034682482054038634,-0.010914059219181201,-0.010668206111084459
-0.005263488820498507,0.012577937467261014,-0.0524375028218017,0.01889151652613481,-0.008395326955862727,-0.007784692828268079,-0.019715514474793697,-0.02111012889286777,0.001100113280653418,1.87356374740995e-05,0.00036319341644071876,-0.06412667930592165,-0.0006505167019873283,0.02701502225914483,0.007287542093081165,0.008581131255057188,-0.016399125556492856,0.0028573297978378613,-0.003026059166657461,0.0187005865691061,-0.0019937286856794097,0.003049574722837574,0.04357047513428159,-0.0006357018446900129,0.0017246380550273756,0.0044337107448238116,-0.025337559180298678,-0.11075347006714141,0.017068165845798237,0.2608098944157566,0.04566750638326185,0.03434779023789801,-0.01754150845128643,0.032020652571951344,0.013386823159286075,0.07940387404818242,-0.0018317619159547926,0.03950196987923097,1.0,-0.0006357018446900025,0.026892709722926247,0.01718635363526993,-0.0373317461456232,0.01013140612485272,0.016793532843815594,0.0034813303416210755,0.000645738707426905,0.013853378545886976,-0.0008479782478514996,0.009297702318307483,-0.007280101584704251,-0.004016485692114849,-0.011125211591554668,-0.0010598631446111552,0.004665627135857458,0.0007688542636014997,-0.0011436179253889074,-0.0004021063226266259,-0.005555877428455325,0.010197071128101172,0.017688949336098304,-0.0014218861494533816
-0.00038702768656738256,-0.001231514272968675,0.00722823188546329,-0.0030439203023117415,0.004157215967905418,0.0036776047427093173,0.0038863237918636546,0.005521554391294571,0.002341474229030076,-0.001111791267911223,0.0020482806836182297,0.005337792376281809,-0.0005685342801779346,-0.0014089405859435634,0.003700958863666985,0.0008829083928660258,0.0019108873742224532,-0.0010573623537368235,-0.0006922426508813853,-0.0010949396312553159,-0.0004560862674861059,0.006596165646864785,-0.0006366848406394527,-0.00014542343883661388,-0.0005016831938899387,-0.002623946450915463,-0.0008555954082896688,0.012059020820507804,0.008045822193386662,-0.0014567402891289315,0.005128777753516927,0.011374793261958569,0.018957773849628635,-0.0011251387500996134,-0.0007153739536735061,-0.0011490764977227963,-0.0004190346766698215,0.008564423955203123,-0.0006357018446900025,1.0,-0.0004748474264193533,0.0013186718507974366,-0.0018061470259539282,-0.005540850965354027,-0.0041170820674759755,-0.0024860790251279336,-0.0007898473217185784,-0.00291424513542748,-0.00019398388394066435,-0.0027998488596395073,0.002667059394161273,-0.00016191785122000545,0.0013493201768553403,0.00382646579317503,0.0015297881476817367,0.0023535563081196202,-0.0002616145490443622,-0.000997800037304256,0.002386486651604889,-0.00033656437751852975,-0.0033455193044511157,-0.00032527131266779673
0.005298003026777329,-0.007892382762779508,-0.012974003324327976,-0.00021182401052844213,-0.0010945315773032305,-0.0025084100028022424,-0.00503404212419456,-0.005331937656371215,0.002169868332354486,0.002140631310071225,0.0015830360913404592,-0.01868190999494315,0.01537202099487641,0.006456480243488851,0.002305431052497219,7.008365029178708e-05,0.00298035103804656,0.014048942919489733,-0.0022603621799788132,0.008503445591420251,-0.0014892467959330337,-0.006644540069135247,0.0020530455297282867,-0.0004748474264193548,0.008838625528572373,-0.007580741523461088,-0.00032825404132361737,-0.024019378860660398,0.04358826953352112,0.05937650342353061,0.008475188114293921,0.0033795528295452876,0.00737104502643352,0.0010300739159257008,0.019745135543758216,-0.0037520500276140402,0.011168332320233456,-0.004225780962575834,0.026892709722926247,-0.0004748474264193533,1.0,-0.011772437802885801,-0.001073423771672115,0.014076600551933055,0.007757162438077917,0.006591617894267097,-0.0014830485893676916,-0.0011540977297350864,-0.0006334106028089776,0.01330467380976939,-0.002847181746636178,-0.0024426263039211095,-0.004948697651811003,-0.002428863801072261,-0.0022879858752359386,0.001899304926123799,-0.0008542432796349302,-0.0006108396800273504,-0.012023653908884767,-0.0010989750329633257,-0.012492023445972831,-0.0010621000778415369
0.0026693922403736594,-0.0036358320735240626,0.004024991317273769,0.04407319407584473,-0.051773195245075454,-0.05420346249012871,-0.04410100696367094,-0.04863575895474288,0.007872921280142246,0.005005899156883068,0.009465312624524767,-0.02326575442758735,-0.038154941763030185,0.00976011460537788,-0.033594383327957944,0.0005015007182775781,-0.015475523471692369,-0.013596685187552164,0.006621400880024158,0.002286839655060495,0.01598186483559261,0.011647825955269748,0.0042548418487968155,0.006018087960122706,-0.004248930588360845,0.19211358402899015,0.0014891994765535905,-0.11452056260587064,-0.09834793844558057,0.0497720877189446,-0.1086695161205788,0.03521921545135109,0.015629097146953482,-0.02363099456679152,0.059044039856648536,0.028081252849698025,0.05025092371871309,-0.035662185910170965,0.01718635363526993,0.0013186718507974366,-0.011772437802885801,1.0,0.012050951336818248,-0.01606768565368131,-0.009697504382375844,-0.006027117426817983,-0.00910821313154837,-0.03477689542284263,-0.0015744144873254405,0.0014182235977310686,-0.031157459503040448,0.004849926611535043,0.06230061255078134,-0.011141931077333507,0.015905861472427146,0.011128897514713396,-0.012661759134954405,0.0008544770621855403,0.07617674926450448,0.06144590492772558,0.09137728167534723,0.11630534223173984
-0.2546654336398034,0.004455621294575125,0.1328049341616135,0.003932363378254199,-0.006862707211167329,-0.015199069138170283,0.004423794240137871,-0.0015048812147983209,0.012253677709075815,0.011486064704322896,0.009852215161779298,0.23512966787151818,0.007298901745697472,-0.04106920593851334,-0.031885359949862864,-0.03375415250635356,0.08710039818020679,-0.02817442718430807,0.010148338102969555,-0.04168254521329655,0.013313773733045793,0.015939270880111964,-0.02506164528740443,-3.257297162010556e-05,-0.0012778590607391371,0.002596400863169409,0.5372810162935936,0.2670808464493197,-0.0007520888703981048,-0.05609267926368849,-0.04566399574374635,-0.0381190878671304,0.06361988795310329,-0.04486663461856346,0.0077943837156693565,-0.05707901548503643,-0.0011668942629883207,0.012917998560903652,-0.0373317461456232,-0.0018061470259539282,-0.001073423771672115,0.012050951336818248,1.0,0.03499376794980101,0.0538521811397944,0.006541505174021734,0.00537165438119776,0.024107961969901143,-0.0038677246037409803,0.02956489256312629,-0.00644242089313389,-0.020821464800361317,0.07524233071201916,-0.002376316013661166,0.004944771531679939,0.017599470080375008,-0.017094046694486602,-0.010807062873490002,-0.008202267395213273,-0.0016094702057022614,0.024721760024273055,0.020242407657412802
0.001168574923306941,-0.0005267230529701572,-0.008429639524768781,-0.048398231757397533,0.0319771867506128,0.0333515563449743,0.03797360474558689,0.0432401606452102,0.011929829405164434,-0.0038176229058615625,0.00831251931861449,0.02237568719172183,0.07096417457908447,0.0416081906769284,0.06164508334074582,0.024366694616874077,0.07434621066259557,0.011446331069004253,0.015183179137132703,0.013491980085657242,0.0032565862059021795,0.025328847681248285,0.011443957591496015,0.0007117201267278543,0.014286315805310463,-0.0004979012644813272,0.03311128757810224,0.019057950920692655,0.04928521779269137,0.025533501441627224,0.04588944055535595,0.017340906584829268,0.04611980335324766,0.012533207838977059,0.003732437543903605,0.01490587185944258,0.0009261994362077972,0.012317939257649565,0.01013140612485272,-0.005540850965354027,0.014076600551933055,-0.01606768565368131,0.03499376794980101,1.0,0.797047907744196,0.5418105766974091,0.17682567369617233,0.23094362822063624,0.03888878843220232,0.6741572599946564,0.018153927684639186,-0.002692868298946094,0.03506942426310674,-0.050088148530010194,-0.07615308904774525,0.012168771205746795,-0.011744295615718702,-0.004399760856965926,-0.05859432340216708,-0.008267080608498357,0.0034793798714985837,0.003331108026102646
-0.0067985209109953,-0.003828057019968319,-0.0015162953572279098,0.003121360277293888,-0.030385443389482684,-0.0437200444388808,-0.0048850860482705025,-0.004491974697139012,-0.0030818589553158115,-0.009476352356056426,-0.00016287787166216822,0.025326529385501128,0.07951081766583472,0.06397433969274383,0.08668978805135015,0.036861741580952775,0.09139384011734164,0.02823564596232635,0.020330503692676624,0.03870727508432064,0.0026855986850341878,0.03225647679189035,0.028413548839542606,0.0035339929322895855,0.010998063938779916,0.00987827167859397,0.04956459596613179,0.01657368913875412,0.08274270482393556,0.03573539131042278,0.08584386003436129,0.028789160580835558,0.07864820460415857,0.015211582739988433,0.013183299137893477,0.019947397644171534,0.004973917280873648,0.02065235032645342,0.016793532843815594,-0.0041170820674759755,0.007757162438077917,-0.009697504382375844,0.0538521811397944,0.797047907744196,1.0,0.47331136027344656,0.16618010501410632,0.5128247841574263,0.0348760001528893,0.5707766431287156,-0.004518630238820073,-0.0172536770369379,0.021486156910133492,-0.04216674286790107,-0.058956531814384296,0.004607696629741722,-0.004817322702327583,-0.008336889239380807,-0.024441006247453816,-0.001167108660043764,0.020354459930369086,0.008052714891870922
0.004913334432045443,-0.0035658263676463667,-0.0032957431514713527,-0.014756326812336266,0.017515100968387994,0.016043325073690842,0.020264644364131522,0.014656990148622054,0.004796209565338818,-0.0014254721378985059,0.004092860841426858,0.007881777667496084,0.03485463161097378,0.012487584871503277,0.021013609792104978,0.003098794920146173,0.025595148596568133,0.0010877174210751645,0.0063833252634257764,0.00468392549285236,0.001069772263315606,0.007063676727398672,0.0036161542188121363,-0.0011590484883483027,0.0050733306887342944,-0.0005561412667326704,0.0055799810135919396,0.007538500041153837,0.018367784409525873,0.003829659374531513,0.010945228159706949,0.0012843941802412415,0.01556501784168148,0.006181797545507125,0.004494076185233097,0.0032673988808125387,0.0007726629436330095,-0.006562097701811716,0.0034813303416210755,-0.0024860790251279336,0.006591617894267097,-0.006027117426817983,0.006541505174021734,0.5418105766974091,0.47331136027344656,1.0,-0.009297728718747263,0.04340270133624206,-0.0009176325677329702,0.067859357825109,0.012664967261047613,-0.004163165536477777,0.009115203773062668,-0.013508506068765736,-0.014945594897151552,0.0033353558946707953,-0.0014681310345798992,0.0016336124103940933,-0.030735459029860416,-0.004934077366250942,0.022765343172843483,0.0015630061362575094
-0.001845560728295185,0.00014604053647671803,-0.008369755267106952,0.006396781050961667,-0.006030766123688508,-0.005533114940272279,-0.004174558561239126,-0.00683984260315551,0.0035786609983578964,0.0025518159995321613,0.0027437280526821143,0.006651279065668505,0.04431214142451695,0.035429553743373386,0.04224152230991552,0.010990700805213586,0.08697887946165829,0.010294725641682748,0.014315299521331362,0.017867188251160123,-0.0019505691013548155,0.014850596073366938,0.019584015095979287,0.009381691838184708,-0.0019266856033800254,-0.00016348855053500259,-0.004941527886067939,0.009327429703966795,0.013837413734150332,0.006717100661750037,0.014451700873736702,0.005004509921138226,0.023148366520943004,0.0032062138107827446,0.002114286239338894,0.005518141455500647,0.004218473911349454,0.006260535941196007,0.000645738707426905,-0.0007898473217185784,-0.0014830485893676916,-0.00910821313154837,0.00537165438119776,0.17682567369617233,0.16618010501410632,-0.009297728718747263,1.0,0.03193518222347493,-0.0010535966719865668,0.026947346123117794,-0.004182470412013415,0.00038693572457820905,-0.0005250873823391082,-0.01593492392491321,-0.014754461075853242,0.003209607456534961,0.0010248638017353873,-0.00219265923487449,-0.009433542903114975,-0.0018280029292084127,0.006537210371033502,-0.0016436885263324532
-0.006966662298879658,-0.002716258404843013,-0.006359184108214872,0.009986615865980798,0.020951021508482708,0.030048707220078175,-0.005749822645362788,-0.004679739516254247,-0.004942849035831871,0.009878479082355208,-0.005166373694870748,-0.009409814740288559,0.037778836809843244,0.05251762323336648,0.06325122428469807,0.032096019814109374,0.05312457200574882,0.03200656075491371,0.009532867776521207,0.043323468305195956,-0.002576607482224614,0.020581434904758326,0.03188640074921977,0.0009185316676028955,0.002895029449365448,-0.005369937083478915,0.016634606113392625,-0.00572130414321301,0.06858265178902355,0.02886141139255187,0.08071345516490787,0.0327319935759957,0.06939918578466363,0.014810753633694612,0.013114786071553933,0.02082946635648348,0.002164308866909992,0.027965136122862975,0.013853378545886976,-0.00291424513542748,-0.0011540977297350864,-0.03477689542284263,0.024107961969901143,0.23094362822063624,0.5128247841574263,0.04340270133624206,0.03193518222347493,1.0,0.0038826276271269906,0.0480687700160061,-0.010083533549727169,0.00201819753155169,0.00929080137200004,-0.022346005227416994,-0.03331732106253966,-0.0018628354000064858,-0.0029177208540568534,-0.004914508664285827,-0.01150993318736458,0.002633154590453034,-0.032698816358567515,0.0018986270024156377
0.007277279800165053,-7.156233933569288e-05,0.0017423475601032294,-0.002034653406611906,0.005076336067655479,0.004422752665680505,0.0007502440953246804,0.00247955720213683,0.00261966041799285,-0.0013219961796208583,0.0022235118473115565,0.005758625376701021,-0.0021933969292778663,-0.0016130693957671686,-0.0002501271290230113,-0.00012621218724102003,0.0007781115210308063,-0.0014104415199598778,-0.0009233994129256061,0.0036750901127872845,0.010106865052076437,-0.001138358272829052,-0.0008492894902048338,-0.00019398388394066177,-0.0006692074897765818,-0.0027971541541910944,7.820547973124906e-05,0.00463532113754605,0.001466989638144037,-0.001926152350013424,-0.0006769599247565578,-0.0015761853099742237,0.005056620839819551,-0.0015008501137267639,-0.0009542548238010642,-0.0015327812610981012,-0.0005589606100400293,0.0030226607523966015,-0.0008479782478514996,-0.00019398388394066435,-0.0006334106028089776,-0.0015744144873254405,-0.0038677246037409803,0.03888878843220232,0.0348760001528893,-0.0009176325677329702,-0.0010535966719865668,0.0038826276271269906,1.0,0.0001362980168323819,0.004779557796379013,0.0001780368092377198,0.005009360452804322,-0.00018378889628123472,-0.0018602330104923047,0.002678220699290712,-0.00034897404933484203,-0.0013309898884311363,0.0010714876352135275,0.002660557015667446,-0.0005459301864742915,-0.00043388736417290785
-0.00508768197465456,0.00372610862192989,-0.004631174302297723,0.027654085588873674,-0.02857491777209798,-0.028352458661085364,-0.029422224775469498,-0.033083687423824656,-0.006599171350666923,-0.016217840974610494,-0.008035511598939608,0.003920922418398248,0.04631026471269581,0.037149072288597894,0.05051051740698682,0.02424003154090902,0.04730542457871219,0.012550144823039035,0.014276320786669622,0.013690309025558166,0.0036654606920544343,0.020058399821615402,0.009176230258444967,0.0022060711729847277,0.011811313106154462,-0.001973142039009764,0.031219377098383343,0.0033137774814420793,0.03226377992081697,0.0258479853389951,0.03427198151043753,0.011650737856250825,0.030906083073996473,0.005744686524963518,0.0014188592472231536,0.008625769817505319,0.001971751539957345,0.008932552395972909,0.009297702318307483,-0.0027998488596395073,0.01330467380976939,0.0014182235977310686,0.02956489256312629,0.6741572599946564,0.5707766431287156,0.067859357825109,0.026947346123117794,0.0480687700160061,0.0001362980168323819,1.0,-0.014983476386763998,-0.018580866236764217,0.0009186849322172596,-0.044936113653624446,-0.05171215960981328,-0.0018122898792399531,-0.0036451149086457837,-0.010597377512746056,-0.004003831943691097,-0.002511946506167113,0.01406360569383904,0.009718462480683
-0.0030735842958257782,-0.0024454895834449663,-0.02067154258310533,-0.19256460128929143,0.2688819524884243,0.26387129859315944,0.37198261243805864,0.325641638517874,0.04303946272741253,0.039118907956769394,0.044761944346404334,0.027658273461641996,-0.005025786123407333,-0.009917241461264832,-0.015825027609829505,-0.00339923373081167,-0.02359204184295985,-0.007370571532212114,-0.00549385376308312,-0.007180444507739791,0.005924546676373425,0.013247653041914416,-0.007160655547231118,-0.0010656766776435337,-0.003201834904908157,-0.044374322375744284,-0.0026787920541945947,0.017304360999870136,-0.0042317841415894135,-0.005509062981737621,-0.01463301856549411,0.0018737606852446337,-0.01979495102607258,-0.001068144049009761,-0.006052533829387525,8.711496298407293e-05,0.0009451176352005974,-0.0022218493661155195,-0.007280101584704251,0.002667059394161273,-0.002847181746636178,-0.031157459503040448,-0.00644242089313389,0.018153927684639186,-0.004518630238820073,0.012664967261047613,-0.004182470412013415,-0.010083533549727169,0.004779557796379013,-0.014983476386763998,1.0,0.142680828459989,0.046319484630580825,0.00039537937174141414,-0.023655911101444566,0.03840500375662353,0.02179077600023162,-0.006516529627494086,-0.0698037178567597,-0.007762058872114358,-0.04820462006734408,-0.007503626314220081
-0.0019671280015717205,-0.0010077138865001686,-0.01517166253659532,-0.25093764495049253,0.3244058149904951,0.32244810291683534,0.2788377106691533,0.3107916719919822,0.06154219835364772,0.18561555236677527,0.05943785953390675,-0.030941635737525036,-0.010524702493276776,0.004063179985360641,-0.005791810118846378,-0.0005884240938254404,-0.022946963395416957,0.0017800302534649204,0.0018496458890659157,0.004908585520457963,0.003533516721386143,0.025221691325929163,0.0012224527144398176,-0.001852705581518462,0.00020374023383862183,-0.00820336946144342,-0.022790330008560813,-0.008633283518481857,-0.007828562231384357,-0.0038873218365254986,-0.015330435145177212,0.00663874754576987,-0.018923716939702215,0.0010148821536463417,-0.0030751877464916277,0.006536850278392904,0.007768497896142252,0.012198331277246004,-0.004016485692114849,-0.00016191785122000545,-0.0024426263039211095,0.004849926611535043,-0.020821464800361317,-0.002692868298946094,-0.0172536770369379,-0.004163165536477777,0.00038693572457820905,0.00201819753155169,0.0001780368092377198,-0.018580866236764217,0.142680828459989,1.0,0.12772157300613435,0.008277215299396557,-0.022132975147719947,0.05667242740701826,0.04117827560372608,-0.028098704969300437,-0.11947973075583981,-0.009515732739515524,-0.12226421296621363,-0.009196520764093613
0.013883860220011843,0.002378106400630181,0.04982998653324285,-0.12109606396800109,0.22977992993087526,0.22440504440579584,0.1058522991754278,0.13566315657831596,0.055503988973945435,0.10526423960843896,0.04717616461575303,0.13153112061240313,-0.0019368609052621995,-0.02247033815081102,-0.01750678308446069,-0.012937953369211915,0.04875337768868902,-0.023925235823196712,0.00430263520975813,-0.026120318028164335,0.0023050176317626174,0.0029383686860232176,-0.014034024734344928,-0.00031643732341859104,-0.003938386488603208,0.0681504873977727,0.06727389531464714,0.13277103705927062,-0.0040341830298136535,-0.018345864838668666,-0.011944700859700761,-0.008545127033421206,0.050950141075023825,-0.020907344308498995,0.012719064862166748,-0.01610899438922292,0.012591006936929156,0.004109943501157208,-0.011125211591554668,0.0013493201768553403,-0.004948697651811003,0.06230061255078134,0.07524233071201916,0.03506942426310674,0.021486156910133492,0.009115203773062668,-0.0005250873823391082,0.00929080137200004,0.005009360452804322,0.0009186849322172596,0.046319484630580825,0.12772157300613435,1.0,0.01655326985758428,-0.019421967038790188,0.20849656012678983,-0.044445507989793784,-0.35568193440637125,-0.07034333226671832,-0.02405362975113087,-0.08425889738749773,-0.018072707450018752
0.0015010207448737187,0.0017448566858632808,0.0027898642041113975,-0.0009273214235131837,0.009271783497721458,-0.003336563879906523,0.0030620154379627754,0.0020025516434503603,0.007885204474668422,0.003968901065259941,0.00677534692567885,0.014686988438126415,-0.00632272795635631,-0.008511098011892336,-0.005175041958791534,-0.002866080299424959,0.0008501252627797386,-0.005710995363130738,-0.0020536049858124626,-0.002996378587520074,0.0020834005794160685,0.00793667357884089,0.0007494847936901859,-0.0009200971521826569,-0.00605849705043129,0.006048710876449794,-0.0010649877462944814,0.0008185191209043453,0.00038301268569987325,4.8211096327969855e-05,-0.0007624993174143893,0.0008013050260113365,0.00641786600923196,0.004018555768924148,-0.001081370283091093,0.0012853042780900609,-0.005374033415670736,-0.007349622253608467,-0.0010598631446111552,0.00382646579317503,-0.002428863801072261,-0.011141931077333507,-0.002376316013661166,-0.050088148530010194,-0.04216674286790107,-0.013508506068765736,-0.01593492392491321,-0.022346005227416994,-0.00018378889628123472,-0.044936113653624446,0.00039537937174141414,0.008277215299396557,0.01655326985758428,1.0,0.2838445949368173,0.005256022222615953,0.003623410313609838,0.00011662017818799712,0.0033056223308677536,-0.0034180430400039645,0.011785181719037158,-0.0002803141250861861
-0.003033473354216887,-0.003695143650280407,0.0031240251956248647,0.020977341272256617,-0.047821892297220905,-0.04150274852409808,-0.020001991708918223,-0.023215698219084722,-0.0012311761043108924,-0.009798374082050898,-0.0021296176678085284,-0.004067469904071867,0.013273084352506393,-0.005576665107496163,0.014024426378527646,-0.0035167529049001866,0.016997899440285437,0.0024640756225757328,-0.00028589578628925353,0.00017712789012864436,-8.656349765457634e-05,-0.0010809491904483681,0.0013859322600144482,-0.0029654901732207835,0.0016015826813284891,-0.009685892185888771,-0.0033414060968127053,0.0074429327593727645,0.0005557004258738319,-0.0020824446497907673,-0.0008680233213189843,-0.001934699421388129,0.006209291686719108,-0.0011829193622427746,0.0029691759108356384,0.0006176074664902086,0.00021504385618508813,-0.0003261324370086173,0.004665627135857458,0.0015297881476817367,-0.0022879858752359386,0.015905861472427146,0.004944771531679939,-0.07615308904774525,-0.058956531814384296,-0.014945594897151552,-0.014754461075853242,-0.03331732106253966,-0.0018602330104923047,-0.05171215960981328,-0.023655911101444566,-0.022132975147719947,-0.019421967038790188,0.2838445949368173,1.0,-0.0036570188217828347,0.003084645217957798,0.0023213105903962237,0.005483874618749282,-0.003545050432628442,0.015570597030147088,-0.00289837435559624
0.002742899642385735,0.000286316066494327,-0.0073082621906587686,-0.0988070129063151,0.24879119265791905,0.03234577312072335,0.06186041024392245,0.09784221479193835,0.8711112719734057,0.7517477898259514,0.8702917693329828,0.029343828232216942,-0.00039865792732615674,-0.003543563276711162,-0.01002839486916324,-0.00021108977566279276,0.007290060998393458,-0.001709749670632962,0.003252074679256933,3.951380784717604e-05,0.0013583981461301516,0.008159576016302812,-0.0009287719915535871,0.0023535563081196545,0.0070238810876859185,0.015247057405692772,0.010319728448346078,0.02816215191515015,-0.006647160769168868,-0.009429237122965924,-0.010658097312200264,-0.0038499419125092617,0.002684408619322481,-0.002447930870595032,0.002342638436364723,0.0012529588571899314,0.00022764951837252266,0.0012933614739011328,0.0007688542636014997,0.0023535563081196202,0.001899304926123799,0.011128897514713396,0.017599470080375008,0.012168771205746795,0.004607696629741722,0.0033353558946707953,0.003209607456534961,-0.0018628354000064858,0.002678220699290712,-0.0018122898792399531,0.03840500375662353,0.05667242740701826,0.20849656012678983,0.005256022222615953,-0.0036570188217828347,1.0,-0.1111571234313882,-0.42395418110964483,-0.030799901403978397,-0.010866118474577994,-0.02397454323629284,-0.003175075632377618
-0.0009980387847645952,0.0027635706842603722,-0.004768508985880718,-0.016135599109288808,-0.004103837824169495,-0.016017920063238315,0.0058449581429646505,0.008947211420005747,0.004212276435127743,-0.00576899617307611,0.13095772628472832,-0.04155680395062319,0.0006058766343208161,0.005721280852166646,-0.007249457661843545,-0.004645005786330207,-0.008169933629905073,-0.0019021787516669466,0.005648639141479975,0.002410226637876762,-0.000820492240784966,-0.007111216115944766,0.013838124996101991,-0.0002616145490443666,-0.0009025204161216085,-0.01319597215360944,-0.008227468863612144,-0.04030701539883793,-0.00660115037812095,0.004886895595053788,-0.008111219714672737,-0.004615543956736515,-0.008228605823023405,0.006504681493192864,-0.0012869468346065741,-0.0020671710982366684,-0.0007538369938706675,-0.009285919522436419,-0.0011436179253889074,-0.0002616145490443622,-0.0008542432796349302,-0.012661759134954405,-0.017094046694486602,-0.011744295615718702,-0.004817322702327583,-0.0014681310345798992,0.0010248638017353873,-0.0029177208540568534,-0.00034897404933484203,-0.0036451149086457837,0.02179077600023162,0.04117827560372608,-0.044445507989793784,0.003623410313609838,0.003084645217957798,-0.1111571234313882,1.0,-0.0017950270526134963,0.03323771749371847,-0.000605474183208075,0.017356633664312577,-0.0005851581317387351
-0.003461005810750521,-0.0055507250264901125,0.07690894277514598,-0.061323964430750236,-0.011703019179422973,-0.016003513139908006,0.10091126908871241,0.03736170414196917,0.016065656896602817,0.011004196635337632,0.014053955530648437,0.0011158487663179974,0.00039134849823406324,-0.0040234168748168216,-0.0007353282419156457,-0.00043132578590676147,-0.003075204765769166,-0.0036665333346135244,-0.0029306550626892565,-0.002889883459035209,0.002382267196442817,0.008565257200748026,-0.004368512825878497,-0.0009978000373042477,-0.0034422202746885117,-0.003997670389269845,-0.01045981356636266,-0.001315735427578361,0.005993310354980804,-0.005273591481957642,-0.0005132519717544954,-0.0012409422001011922,-0.0037631824445456784,-0.002093899844453816,-0.0013871592271063476,-0.002373303522567368,-0.0028751404818770938,0.012054218620614468,-0.0004021063226266259,-0.000997800037304256,-0.0006108396800273504,0.0008544770621855403,-0.010807062873490002,-0.004399760856965926,-0.008336889239380807,0.0016336124103940933,-0.00219265923487449,-0.004914508664285827,-0.0013309898884311363,-0.010597377512746056,-0.006516529627494086,-0.028098704969300437,-0.35568193440637125,0.00011662017818799712,0.0023213105903962237,-0.42395418110964483,-0.0017950270526134963,1.0,-0.020334586936063506,-0.0023092835042952333,-0.022321301923975977,-0.0022317979172434385
0.0035639831556994843,0.001805823178016595,0.008639441699642427,0.24478757407504492,-0.18106450178584724,-0.19283641242776425,-0.24204405522966232,-0.26236669423966014,-0.05675582966834408,-0.11383531407554341,-0.03531850418392832,-0.0405062384982768,0.004148028199974813,0.014132217466180656,0.022525882644250015,0.024031480837614097,-0.003883110567233878,-0.004475680021051291,0.006352229439507861,0.00793867237563433,0.007918182800440156,-0.015728909436658788,0.017730472077386705,0.0004627620763391458,-0.017754494185947645,0.0922255725495204,0.02405091532413196,-2.6570034870725036e-05,-0.008124756192961949,-0.006586621623420968,-0.020224379791792917,-0.013427396300511376,-0.0015332947971195877,-0.007468165686701384,0.004099853532876892,-0.008538508806128792,0.0014120660661890913,0.015603362972185434,-0.005555877428455325,0.002386486651604889,-0.012023653908884767,0.07617674926450448,-0.008202267395213273,-0.05859432340216708,-0.024441006247453816,-0.030735459029860416,-0.009433542903114975,-0.01150993318736458,0.0010714876352135275,-0.004003831943691097,-0.0698037178567597,-0.11947973075583981,-0.07034333226671832,0.0033056223308677536,0.005483874618749282,-0.030799901403978397,0.03323771749371847,-0.020334586936063506,1.0,-0.012285655439762063,-0.15801704005374062,-0.011873423151134451
-0.002168252660282674,0.0015581659511148989,-0.008092746812695156,0.03752412160881739,-0.023342100978810572,-0.02238669579382039,-0.029766933217414176,-0.03388078588897138,-0.012395210777542316,-0.015898900714212197,-0.013252395324533166,-0.014713897753859534,-0.009040570746179871,-0.001763138409488359,-0.013656560877761577,-0.002979591921961633,-0.000281672342145886,-0.0024471330429531937,-0.0016021091149373418,-0.0025341009562279454,-0.0010555546749494618,-0.0068680292041146266,-0.001473527505466698,-0.00033656437751853225,-0.0011610830634584638,0.11394307511214347,0.008840233371543434,-0.002128361279885117,-0.00737316552913079,0.0062576262289808305,-0.008035902523607693,0.004609796659072538,-0.003186662279724963,-0.002603993043203377,0.003532587028733919,-0.002659393968889454,-0.0009698033978588024,-0.0034682482054038634,0.010197071128101172,-0.00033656437751852975,-0.0010989750329633257,0.06144590492772558,-0.0016094702057022614,-0.008267080608498357,-0.001167108660043764,-0.004934077366250942,-0.0018280029292084127,0.002633154590453034,0.002660557015667446,-0.002511946506167113,-0.007762058872114358,-0.009515732739515524,-0.02405362975113087,-0.0034180430400039645,-0.003545050432628442,-0.010866118474577994,-0.000605474183208075,-0.0023092835042952333,-0.012285655439762063,1.0,-0.012212935736123103,-0.0007527998082597285
0.002925274809114375,-0.0042752824387489174,0.010686339198132548,0.24747351333922823,-0.1777344209835734,-0.20512350652689607,-0.24605283578297193,-0.2666893536159825,-0.048095071595949494,-0.11019450724836183,-0.03278873738836682,0.0028888721853680592,-0.005516558121850207,0.0009212030400687824,-0.022113877140102607,-0.013610759864660569,-0.005286163399449009,-0.005180400228600514,-0.0006974610237957157,-0.0022345857930255947,9.930770019044999e-05,0.014976699477676892,-0.0018717078007207005,0.0024488950865041827,-0.01315772802548519,0.07085929442565737,-0.004482512195161481,-0.038125820735738225,-0.0006008581989567513,0.013401081036359043,0.017842163306122278,0.021889517456571094,-0.004233204647730417,-0.002305961609509617,0.0020123304581069665,0.002449142934633773,-0.007153334891434791,-0.010914059219181201,0.017688949336098304,-0.0033455193044511157,-0.012492023445972831,0.09137728167534723,0.024721760024273055,0.0034793798714985837,0.020354459930369086,0.022765343172843483,0.006537210371033502,-0.032698816358567515,-0.0005459301864742915,0.01406360569383904,-0.04820462006734408,-0.12226421296621363,-0.08425889738749773,0.011785181719037158,0.015570597030147088,-0.02397454323629284,0.017356633664312577,-0.022321301923975977,-0.15801704005374062,-0.012212935736123103,1.0,-0.011803143480915542
0.001515482730276342,-0.00163288174813219,-0.006453487869478368,0.036265039046605586,-0.022621706040468408,-0.023232953632799924,-0.027774039610434828,-0.031451760679095594,-0.003978683674362151,-0.008024618991322544,-0.004726883578187732,-0.0008491126115692648,-0.008491196313204854,0.0006090953904615117,-0.008716311998245678,0.0004248058643713817,-0.0014986752242850863,-0.0023650220591461615,0.003997869591159044,0.0010746561056256384,-0.001020136644421146,-0.0019064305983345468,-0.0014240848347917227,-0.00032527131266779505,-0.0011221241384842845,0.04836356377802775,0.002375200292143612,-0.015451480327570093,-0.007387615460627996,-0.003258318121560903,-0.014004226743986598,-0.004179569541141626,-0.0006609910748905582,-0.0025166187865319927,-0.0016000902386936885,-0.0025701607922361423,-0.0009372626615359779,-0.010668206111084459,-0.0014218861494533816,-0.00032527131266779673,-0.0010621000778415369,0.11630534223173984,0.020242407657412802,0.003331108026102646,0.008052714891870922,0.0015630061362575094,-0.0016436885263324532,0.0018986270024156377,-0.00043388736417290785,0.009718462480683,-0.007503626314220081,-0.009196520764093613,-0.018072707450018752,-0.0002803141250861861,-0.00289837435559624,-0.003175075632377618,-0.0005851581317387351,-0.0022317979172434385,-0.011873423151134451,-0.0007527998082597285,-0.011803143480915542,1.0
